{
  "cards": [
    {
      "id": "strike",
      "description": "Deals 2 DMG",
      "damage": 2,
      "energy": 1,
      "effect": 0,
      "block": 0,
      "value": 1,
      "tier": 1,
      "bonusdmg": 0,
      "bonusblk": 0,
      "synergy": []
    },
    {
      "id": "block",
      "description": "Blocks 4 DMG",
      "damage": 0,
      "energy": 2,
      "effect": 0,
      "block": 4,
      "value": 2,
      "tier": 1,
      "bonusdmg": 0,
      "bonusblk": 0,
      "synergy": []
    },
    {
      "id": "cleave",
      "description": "deals 3 DMG",
      "damage": 3,
      "energy": 2,
      "effect": 0,
      "block": 0,
      "value": 7,
      "tier": 1,
      "bonusdmg": 6,
      "bonusblk": 0,
      "synergy": []
    },
    {
      "id": "clothesline",
      "description": "Deals 4 DMG. If you play GERMAN SUPLEX, you deal 12 DMG instead.",
      "damage": 4,
      "energy": 1,
      "effect": 0,
      "block": 0,
      "value": 7,
      "tier": 1,
      "bonusdmg": 2,
      "bonusblk": 0,
      "synergy": [
        "german suplex"
      ]
    },
    {
      "id": "german suplex",
      "description": "Deals 4 DMG. If you play CLOTHESLINE, you deal 12 DMG instead.",
      "damage": 4,
      "energy": 2,
      "effect": 0,
      "block": 3,
      "value": 12,
      "tier": 2,
      "bonusdmg": 2,
      "bonusblk": 0,
      "synergy": [
        "clothesline"
      ]
    },
    {
      "id": "parry",
      "description": "Deals 4 DMG to the enemy and blocks 5 DMG",
      "damage": 4,
      "energy": 1,
      "effect": 0,
      "block": 5,
      "value": 8,
      "tier": 2,
      "bonusdmg": 0,
      "bonusblk": 0,
      "synergy": []
    },
    {
      "id": "sentinel",
      "description": "Blocks 8 DMG",
      "damage": 0,
      "energy": 2,
      "effect": 0,
      "block": 8,
      "value": 8,
      "tier": 2,
      "bonusdmg": 0,
      "bonusblk": 2,
      "synergy": [
        "barricade"
      ]
    },
    {
      "id": "iron wave",
      "description": "Block 5 DMG and deal 10 DMG",
      "damage": 10,
      "energy": 3,
      "effect": 0,
      "block": 5,
      "value": 15,
      "tier": 3,
      "bonusdmg": 0,
      "bonusblk": 0,
      "synergy": []
    },
    {
      "id": "heavy blade",
      "description": "Deals 14 DMG to the enemy",
      "damage": 14,
      "energy": 2,
      "effect": 0,
      "block": 0,
      "value": 10,
      "tier": 3,
      "bonusdmg": 0,
      "bonusblk": 0,
      "synergy": []
    },
    {
      "id": "barricade",
      "description": "Blocks 10 DMG. If you play SENTINEL, you block 20 DMG instead.",
      "damage": 0,
      "energy": 3,
      "effect": 0,
      "block": 10,
      "value": 10,
      "tier": 3,
      "bonusdmg": 0,
      "bonusblk": 0,
      "synergy": [
        "sentinel"
      ]
    }
  ]
}