{
  "enemies": [
    {
      "name": "slime",
      "health": 10,
      "damage": 2,
      "gold": 1,
      "tier": 1,
      "face": "૮꒰ ྀི◜๑◝ ꒱ა"
    },
    {
      "name": "bird",
      "health": 20,
      "damage": 3,
      "gold": 2,
      "tier": 1,
      "face": "ˏ₍•ɞ•₎ˎ"
    },
    {
      "name": "vampire",
      "health": 25,
      "damage": 5,
      "gold": 4,
      "tier": 4,
      "face": "(㇏(•̀ᵥᵥ•́)ノ)"
    },
    {
      "name": "robot",
      "health": 25,
      "damage": 5,
      "gold": 2,
      "tier": 2,
      "face": "d[o_0]b"
    },
    {
      "name": "mary",
      "health": 30,
      "damage": 7,
      "gold": 5,
      "tier": 5,
      "face": "༎ຶ‿༎ຶ"
    },
    {
      "name": "zombie",
      "health": 35,
      "damage": 7,
      "gold": 3,
      "tier": 3,
      "face": "(҂ ꒦ິヮ꒦ິ)"
    },
    {
      "name": "ghost",
      "health": 45,
      "damage": 10,
      "gold": 4,
      "tier": 3,
      "face": "༼ つ ╹ ╹ ༽つ"
    },
    {
      "name": "clown",
      "health": 55,
      "damage": 12,
      "gold": 10,
      "tier": 6,
      "face": "(•́⍜•̀)"
    }
  ]
}